{
  "project_info": {
    "project_number": "148861917748",
    "firebase_url": "https://ats-agrochemicals-app.firebaseio.com",
    "project_id": "ats-agrochemicals-app",
    "storage_bucket": "ats-agrochemicals-app.appspot.com"
  },
  "client": [
    {
      "client_info": {
        "mobilesdk_app_id": "1:148861917748:android:def101f1cb264baa",
        "android_client_info": {
          "package_name": "com.techart.ats"
        }
      },
      "oauth_client": [
        {
          "client_id": "148861917748-qd6bgfvdk8u83oiaij3brsgpden1d25h.apps.googleusercontent.com",
          "client_type": 1,
          "android_info": {
            "package_name": "com.techart.ats",
            "certificate_hash": "96d8d48e74bfd3c78a25270746519b2b56acafdb"
          }
        },
        {
          "client_id": "148861917748-8j8p4n4ku6p0em6u7a0qodef4hljp9nl.apps.googleusercontent.com",
          "client_type": 3
        }
      ],
      "api_key": [
        {
          "current_key": "AIzaSyAPtcKv3oGS4lB5qwkCClV_EduFUhQLlcQ"
        }
      ],
      "services": {
        "appinvite_service": {
          "other_platform_oauth_client": [
            {
              "client_id": "148861917748-8j8p4n4ku6p0em6u7a0qodef4hljp9nl.apps.googleusercontent.com",
              "client_type": 3
            }
          ]
        }
      }
    }
  ],
  "configuration_version": "1"
}